"","microbe","Comparison","deseq_LFC","deseq_padj","M2_coef","M2_padj","Num_not_zero"
"1","k__Archaea|p__Euryarchaeota|c__Methanobacteria|o__Methanobacteriales|f__Methanobacteriaceae|g__Methanobrevibacter|s__Methanobrevibacter_smithii","StatusTS",-4.31423724422916,0.862082569841738,-51.9205791250294,0.621036475048646,7
"2","k__Bacteria|p__Actinobacteria|c__Actinobacteria|o__Bifidobacteriales|f__Bifidobacteriaceae|g__Bifidobacterium|s__Bifidobacterium_adolescentis","StatusTS",-1.38036090866798,0.288886921720539,-1967.69513351188,0.679693265811241,66
"3","k__Bacteria|p__Actinobacteria|c__Actinobacteria|o__Bifidobacteriales|f__Bifidobacteriaceae|g__Bifidobacterium|s__Bifidobacterium_animalis","StatusTS",5.34373974759295,NA,85.4968219265241,0.758196547313057,12
"4","k__Bacteria|p__Actinobacteria|c__Actinobacteria|o__Bifidobacteriales|f__Bifidobacteriaceae|g__Bifidobacterium|s__Bifidobacterium_bifidum","StatusTS",-0.787683067067532,0.998379069771905,-349.095456964476,0.638310241603803,31
"5","k__Bacteria|p__Actinobacteria|c__Actinobacteria|o__Bifidobacteriales|f__Bifidobacteriaceae|g__Bifidobacterium|s__Bifidobacterium_catenulatum","StatusTS",-5.5149800309135,NA,-113.143981000026,0.960956486926275,17
"6","k__Bacteria|p__Actinobacteria|c__Actinobacteria|o__Bifidobacteriales|f__Bifidobacteriaceae|g__Bifidobacterium|s__Bifidobacterium_longum","StatusTS",-0.506385431992079,0.998379069771905,-359.347055396,0.960956486926275,66
"7","k__Bacteria|p__Actinobacteria|c__Actinobacteria|o__Bifidobacteriales|f__Bifidobacteriaceae|g__Bifidobacterium|s__Bifidobacterium_pseudocatenulatum","StatusTS",1.44574780271432,0.998379069771905,243.001237505269,0.746570817693902,48
"8","k__Bacteria|p__Actinobacteria|c__Coriobacteriia|o__Coriobacteriales|f__Coriobacteriaceae|g__Collinsella|s__Collinsella_aerofaciens","StatusTS",-0.308641096365135,0.998379069771905,-319.125228152004,0.882718057011564,60
"9","k__Bacteria|p__Actinobacteria|c__Coriobacteriia|o__Coriobacteriales|f__Coriobacteriaceae|g__Collinsella|s__Collinsella_stercoris","StatusTS",0.140324517335986,NA,1.62563478752939,0.932715840573666,26
"10","k__Bacteria|p__Actinobacteria|c__Coriobacteriia|o__Eggerthellales|f__Eggerthellaceae|g__Adlercreutzia|s__Adlercreutzia_equolifaciens","StatusTS",-0.144811058466005,0.998379069771905,-21.6797978361701,0.819704089235604,58
"11","k__Bacteria|p__Actinobacteria|c__Coriobacteriia|o__Eggerthellales|f__Eggerthellaceae|g__Asaccharobacter|s__Asaccharobacter_celatus","StatusTS",-0.605430638160998,0.998379069771905,-51.1823485712945,0.597209340617415,59
"12","k__Bacteria|p__Actinobacteria|c__Coriobacteriia|o__Eggerthellales|f__Eggerthellaceae|g__Eggerthella|s__Eggerthella_lenta","StatusTS",-0.190364566287878,0.998379069771905,1.14352632243888,0.997992743698782,51
"13","k__Bacteria|p__Actinobacteria|c__Coriobacteriia|o__Eggerthellales|f__Eggerthellaceae|g__Gordonibacter|s__Gordonibacter_pamelaeae","StatusTS",-0.46100148418785,0.998379069771905,-12.8837695937299,0.915358240448981,58
"14","k__Bacteria|p__Bacteroidetes|c__Bacteroidia|o__Bacteroidales|f__Bacteroidaceae|g__Bacteroides|s__Bacteroides_caccae","StatusTS",0.0232104216113873,0.998379069771905,48.5904847746302,0.951047507484213,45
"15","k__Bacteria|p__Bacteroidetes|c__Bacteroidia|o__Bacteroidales|f__Bacteroidaceae|g__Bacteroides|s__Bacteroides_cellulosilyticus","StatusTS",-1.2525845409736,0.998379069771905,-59.9482954272506,0.826783246944457,20
"16","k__Bacteria|p__Bacteroidetes|c__Bacteroidia|o__Bacteroidales|f__Bacteroidaceae|g__Bacteroides|s__Bacteroides_dorei","StatusTS",-1.621055690409,0.998379069771905,-312.750091113067,0.75952734405348,33
"17","k__Bacteria|p__Bacteroidetes|c__Bacteroidia|o__Bacteroidales|f__Bacteroidaceae|g__Bacteroides|s__Bacteroides_eggerthii","StatusTS",1.45276725868718,0.998379069771905,218.160353257185,0.710468232340648,8
"18","k__Bacteria|p__Bacteroidetes|c__Bacteroidia|o__Bacteroidales|f__Bacteroidaceae|g__Bacteroides|s__Bacteroides_faecis","StatusTS",0.441163930954591,0.998379069771905,152.921352710085,0.826783246944457,14
"19","k__Bacteria|p__Bacteroidetes|c__Bacteroidia|o__Bacteroidales|f__Bacteroidaceae|g__Bacteroides|s__Bacteroides_fragilis","StatusTS",-0.890082401535132,0.998379069771905,-761.28934191956,0.75952734405348,47
"20","k__Bacteria|p__Bacteroidetes|c__Bacteroidia|o__Bacteroidales|f__Bacteroidaceae|g__Bacteroides|s__Bacteroides_intestinalis","StatusTS",13.9533480056103,0.000196855748853633,-25.9420153737566,0.933199236243913,8
"21","k__Bacteria|p__Bacteroidetes|c__Bacteroidia|o__Bacteroidales|f__Bacteroidaceae|g__Bacteroides|s__Bacteroides_massiliensis","StatusTS",1.85812928711706,0.998379069771905,14.5907516668604,0.797859552202313,9
"22","k__Bacteria|p__Bacteroidetes|c__Bacteroidia|o__Bacteroidales|f__Bacteroidaceae|g__Bacteroides|s__Bacteroides_ovatus","StatusTS",-0.272566705521306,0.998379069771905,-38.7528027582895,0.960956486926275,58
"23","k__Bacteria|p__Bacteroidetes|c__Bacteroidia|o__Bacteroidales|f__Bacteroidaceae|g__Bacteroides|s__Bacteroides_stercoris","StatusTS",-1.25120413592389,NA,-142.654881817015,0.834992112998047,20
"24","k__Bacteria|p__Bacteroidetes|c__Bacteroidia|o__Bacteroidales|f__Bacteroidaceae|g__Bacteroides|s__Bacteroides_thetaiotaomicron","StatusTS",0.253241676452988,0.998379069771905,-17.1192631288079,0.948664623979939,30
"25","k__Bacteria|p__Bacteroidetes|c__Bacteroidia|o__Bacteroidales|f__Bacteroidaceae|g__Bacteroides|s__Bacteroides_uniformis","StatusTS",-0.725539498785449,0.758297415347154,-569.724273371551,0.750457853876315,66
"26","k__Bacteria|p__Bacteroidetes|c__Bacteroidia|o__Bacteroidales|f__Bacteroidaceae|g__Bacteroides|s__Bacteroides_vulgatus","StatusTS",0.622071922542872,0.998379069771905,659.073465397852,0.699953488617682,65
"27","k__Bacteria|p__Bacteroidetes|c__Bacteroidia|o__Bacteroidales|f__Bacteroidaceae|g__Bacteroides|s__Bacteroides_xylanisolvens","StatusTS",-0.487111358511195,0.998379069771905,112.497343280527,0.923670069613833,39
"28","k__Bacteria|p__Bacteroidetes|c__Bacteroidia|o__Bacteroidales|f__Barnesiellaceae|g__Barnesiella|s__Barnesiella_intestinihominis","StatusTS",0.00884209864638874,0.998379069771905,-15.3812930424219,0.960956486926275,28
"29","k__Bacteria|p__Bacteroidetes|c__Bacteroidia|o__Bacteroidales|f__Barnesiellaceae|g__Coprobacter|s__Coprobacter_sp","StatusTS",-0.152587229176548,0.998379069771905,-6.10717795542081,0.890703104351619,17
"30","k__Bacteria|p__Bacteroidetes|c__Bacteroidia|o__Bacteroidales|f__Odoribacteraceae|g__Odoribacter|s__Odoribacter_splanchnicus","StatusTS",-0.134153835727803,0.998379069771905,-8.38187294347607,0.960956486926275,38
"31","k__Bacteria|p__Bacteroidetes|c__Bacteroidia|o__Bacteroidales|f__Prevotellaceae|g__Prevotella|s__Prevotella_copri","StatusTS",15.9546718469896,NA,11.8706588206102,0.971804873890942,9
"32","k__Bacteria|p__Bacteroidetes|c__Bacteroidia|o__Bacteroidales|f__Rikenellaceae|g__Alistipes|s__Alistipes_finegoldii","StatusTS",-0.238861421713042,0.998379069771905,0.393221819490121,0.997992743698782,49
"33","k__Bacteria|p__Bacteroidetes|c__Bacteroidia|o__Bacteroidales|f__Rikenellaceae|g__Alistipes|s__Alistipes_indistinctus","StatusTS",-1.45000148636667,NA,8.35758509252863,0.890703104351619,12
"34","k__Bacteria|p__Bacteroidetes|c__Bacteroidia|o__Bacteroidales|f__Rikenellaceae|g__Alistipes|s__Alistipes_putredinis","StatusTS",0.00616360922822388,0.998379069771905,-30.853943599865,0.960956486926275,60
"35","k__Bacteria|p__Bacteroidetes|c__Bacteroidia|o__Bacteroidales|f__Rikenellaceae|g__Alistipes|s__Alistipes_shahii","StatusTS",-0.0686221598014566,0.998379069771905,-17.9063714822325,0.882817600112985,37
"36","k__Bacteria|p__Bacteroidetes|c__Bacteroidia|o__Bacteroidales|f__Tannerellaceae|g__Parabacteroides|s__Parabacteroides_distasonis","StatusTS",0.517340186181185,0.998379069771905,119.258195112092,0.77565995041629,50
"37","k__Bacteria|p__Bacteroidetes|c__Bacteroidia|o__Bacteroidales|f__Tannerellaceae|g__Parabacteroides|s__Parabacteroides_goldsteinii","StatusTS",7.97576226009735,NA,-134.295251876551,0.858599575273384,8
"38","k__Bacteria|p__Bacteroidetes|c__Bacteroidia|o__Bacteroidales|f__Tannerellaceae|g__Parabacteroides|s__Parabacteroides_merdae","StatusTS",0.391473236056954,0.998379069771905,10.803353116576,0.960956486926275,42
"39","k__Bacteria|p__Firmicutes|c__Bacilli|o__Lactobacillales|f__Lactobacillaceae|g__Lactobacillus|s__Lactobacillus_rogosae","StatusTS",-1.86771915119146,0.998379069771905,-1.29729765395902,0.679693265811241,11
"40","k__Bacteria|p__Firmicutes|c__Bacilli|o__Lactobacillales|f__Streptococcaceae|g__Streptococcus|s__Streptococcus_parasanguinis","StatusTS",-1.59565304015514,0.998379069771905,-4.16443061375545,0.211073656848971,21
"41","k__Bacteria|p__Firmicutes|c__Bacilli|o__Lactobacillales|f__Streptococcaceae|g__Streptococcus|s__Streptococcus_salivarius","StatusTS",-0.46488405414971,0.998379069771905,-12.7905530065351,0.834134483267694,48
"42","k__Bacteria|p__Firmicutes|c__Bacilli|o__Lactobacillales|f__Streptococcaceae|g__Streptococcus|s__Streptococcus_thermophilus","StatusTS",1.11631807206881,0.998379069771905,-10.5847061330451,0.960956486926275,24
"43","k__Bacteria|p__Firmicutes|c__Clostridia|o__Clostridiales|f__Catabacteriaceae|g__Catabacter|s__Catabacter_hongkongensis","StatusTS",0.962734867852755,NA,-0.141294845125605,0.960956486926275,7
"44","k__Bacteria|p__Firmicutes|c__Clostridia|o__Clostridiales|f__Christensenellaceae|g__Christensenella|s__Christensenella_minuta","StatusTS",27.448695422374,1.5485994251884e-16,11.1691361561619,0.252593400328388,10
"45","k__Bacteria|p__Firmicutes|c__Clostridia|o__Clostridiales|f__Clostridiaceae|g__Clostridium|s__Clostridium_disporicum","StatusTS",-0.0872339346840838,NA,-9.51216171679672,0.916713825726035,18
"46","k__Bacteria|p__Firmicutes|c__Clostridia|o__Clostridiales|f__Clostridiaceae|g__Clostridium|s__Clostridium_sp_CAG_167","StatusTS",4.18039978391233,0.700048064214508,2.68392151430692,0.915358240448981,15
"47","k__Bacteria|p__Firmicutes|c__Clostridia|o__Clostridiales|f__Clostridiaceae|g__Clostridium|s__Clostridium_sp_CAG_299","StatusTS",1.45501309661775,0.998379069771905,0.0920607261430518,0.997992743698782,7
"48","k__Bacteria|p__Firmicutes|c__Clostridia|o__Clostridiales|f__Clostridiaceae|g__Clostridium|s__Clostridium_sp_CAG_58","StatusTS",0.166039478933704,0.998379069771905,5.63835885557269,0.923670069613833,40
"49","k__Bacteria|p__Firmicutes|c__Clostridia|o__Clostridiales|f__Clostridiaceae|g__Hungatella|s__Hungatella_hathewayi","StatusTS",1.12694544792132,NA,-106.049356401613,0.826783246944457,20
"50","k__Bacteria|p__Firmicutes|c__Clostridia|o__Clostridiales|f__Clostridiales_unclassified|g__Intestinimonas|s__Intestinimonas_butyriciproducens","StatusTS",1.85218026239132,0.998379069771905,10.4332525479418,0.33658138431715,11
"51","k__Bacteria|p__Firmicutes|c__Clostridia|o__Clostridiales|f__Clostridiales_unclassified|g__Lawsonibacter|s__Lawsonibacter_asaccharolyticus","StatusTS",3.49134650288723,0.998379069771905,0.803672278854505,0.915358240448981,13
"52","k__Bacteria|p__Firmicutes|c__Clostridia|o__Clostridiales|f__Clostridiales_unclassified|g__Monoglobus|s__Monoglobus_pectinilyticus","StatusTS",0.0380016577473276,0.998379069771905,465.751502024185,0.683710916120764,41
"53","k__Bacteria|p__Firmicutes|c__Clostridia|o__Clostridiales|f__Eubacteriaceae|g__Eubacterium|s__Eubacterium_eligens","StatusTS",-2.6161623815929,0.53096269989425,-28.1883499080822,0.609923052665323,34
"54","k__Bacteria|p__Firmicutes|c__Clostridia|o__Clostridiales|f__Eubacteriaceae|g__Eubacterium|s__Eubacterium_hallii","StatusTS",0.450588240395757,0.846939338786017,195.30692759532,0.879935050964449,66
"55","k__Bacteria|p__Firmicutes|c__Clostridia|o__Clostridiales|f__Eubacteriaceae|g__Eubacterium|s__Eubacterium_ramulus","StatusTS",0.490650679559025,0.998379069771905,23.0877467255453,0.857808030199056,45
"56","k__Bacteria|p__Firmicutes|c__Clostridia|o__Clostridiales|f__Eubacteriaceae|g__Eubacterium|s__Eubacterium_sp_CAG_180","StatusTS",0.205093250484546,0.998379069771905,-12.6065095547569,0.923670069613833,14
"57","k__Bacteria|p__Firmicutes|c__Clostridia|o__Clostridiales|f__Eubacteriaceae|g__Eubacterium|s__Eubacterium_sp_CAG_251","StatusTS",-27.1067180056177,NA,3.362586505292,0.960956486926275,7
"58","k__Bacteria|p__Firmicutes|c__Clostridia|o__Clostridiales|f__Eubacteriaceae|g__Eubacterium|s__Eubacterium_sp_CAG_274","StatusTS",1.25314053274728,0.998379069771905,18.9348259208186,0.797859552202313,17
"59","k__Bacteria|p__Firmicutes|c__Clostridia|o__Clostridiales|f__Eubacteriaceae|g__Eubacterium|s__Eubacterium_sp_CAG_38","StatusTS",-2.86530986317728,0.759503677139168,-9.98378795992575,0.286728047704013,22
"60","k__Bacteria|p__Firmicutes|c__Clostridia|o__Clostridiales|f__Eubacteriaceae|g__Eubacterium|s__Eubacterium_ventriosum","StatusTS",-0.883451861297274,0.998379069771905,-55.8048458278048,0.638051641877873,32
"61","k__Bacteria|p__Firmicutes|c__Clostridia|o__Clostridiales|f__Lachnospiraceae|g__Anaerostipes|s__Anaerostipes_hadrus","StatusTS",0.207709848872531,0.998379069771905,958.493985663446,0.797859552202313,66
"62","k__Bacteria|p__Firmicutes|c__Clostridia|o__Clostridiales|f__Lachnospiraceae|g__Blautia|s__Blautia_hydrogenotrophica","StatusTS",0.00411019784489294,0.998379069771905,5.4735397556946,0.960956486926275,20
"63","k__Bacteria|p__Firmicutes|c__Clostridia|o__Clostridiales|f__Lachnospiraceae|g__Blautia|s__Blautia_obeum","StatusTS",0.261762939499913,0.998379069771905,-80.9975408343207,0.960956486926275,65
"64","k__Bacteria|p__Firmicutes|c__Clostridia|o__Clostridiales|f__Lachnospiraceae|g__Blautia|s__Blautia_sp_CAG_257","StatusTS",5.82891753466458,0.181939273634615,197.197516358669,0.621036475048646,16
"65","k__Bacteria|p__Firmicutes|c__Clostridia|o__Clostridiales|f__Lachnospiraceae|g__Blautia|s__Blautia_wexlerae","StatusTS",1.20648951382492,0.184320175318184,869.197897176057,0.826783246944457,66
"66","k__Bacteria|p__Firmicutes|c__Clostridia|o__Clostridiales|f__Lachnospiraceae|g__Blautia|s__Ruminococcus_gnavus","StatusTS",2.04081544361317,0.288886921720539,711.588417204626,0.750457853876315,52
"67","k__Bacteria|p__Firmicutes|c__Clostridia|o__Clostridiales|f__Lachnospiraceae|g__Blautia|s__Ruminococcus_torques","StatusTS",0.117320549249231,0.998379069771905,59.709322915905,0.960956486926275,65
"68","k__Bacteria|p__Firmicutes|c__Clostridia|o__Clostridiales|f__Lachnospiraceae|g__Coprococcus|s__Coprococcus_catus","StatusTS",-0.715009092899911,0.998379069771905,-119.619140031653,0.608423855248174,54
"69","k__Bacteria|p__Firmicutes|c__Clostridia|o__Clostridiales|f__Lachnospiraceae|g__Coprococcus|s__Coprococcus_comes","StatusTS",-0.249811430959622,0.998379069771905,-138.76603900997,0.923670069613833,66
"70","k__Bacteria|p__Firmicutes|c__Clostridia|o__Clostridiales|f__Lachnospiraceae|g__Coprococcus|s__Coprococcus_eutactus","StatusTS",-0.0204806448360164,0.998379069771905,-19.6153841479593,0.960956486926275,43
"71","k__Bacteria|p__Firmicutes|c__Clostridia|o__Clostridiales|f__Lachnospiraceae|g__Dorea|s__Dorea_formicigenerans","StatusTS",-0.0474261710616048,0.998379069771905,-28.4522586319709,0.960956486926275,65
"72","k__Bacteria|p__Firmicutes|c__Clostridia|o__Clostridiales|f__Lachnospiraceae|g__Dorea|s__Dorea_longicatena","StatusTS",0.513193038935702,0.759503677139168,562.37677245692,0.826269540776522,66
"73","k__Bacteria|p__Firmicutes|c__Clostridia|o__Clostridiales|f__Lachnospiraceae|g__Eisenbergiella|s__Eisenbergiella_massiliensis","StatusTS",24.1499858830214,NA,84.505441783934,0.826783246944457,9
"74","k__Bacteria|p__Firmicutes|c__Clostridia|o__Clostridiales|f__Lachnospiraceae|g__Eisenbergiella|s__Eisenbergiella_tayi","StatusTS",-0.393172745366158,0.998379069771905,-8.40092199839064,0.884251106110019,23
"75","k__Bacteria|p__Firmicutes|c__Clostridia|o__Clostridiales|f__Lachnospiraceae|g__Fusicatenibacter|s__Fusicatenibacter_saccharivorans","StatusTS",0.34586736266434,0.998379069771905,1754.13620927251,0.683710916120764,66
"76","k__Bacteria|p__Firmicutes|c__Clostridia|o__Clostridiales|f__Lachnospiraceae|g__Lachnoclostridium|s__Clostridium_bolteae","StatusTS",14.1221537926215,9.96644390383848e-05,23.0798338794728,0.750457853876315,12
"77","k__Bacteria|p__Firmicutes|c__Clostridia|o__Clostridiales|f__Lachnospiraceae|g__Lachnoclostridium|s__Clostridium_scindens","StatusTS",5.17556028973331,NA,5.35426025117574,0.890703104351619,10
"78","k__Bacteria|p__Firmicutes|c__Clostridia|o__Clostridiales|f__Lachnospiraceae|g__Lachnoclostridium|s__Clostridium_symbiosum","StatusTS",0.0214570058703419,0.998379069771905,5.87708566204201,0.882817600112985,17
"79","k__Bacteria|p__Firmicutes|c__Clostridia|o__Clostridiales|f__Lachnospiraceae|g__Lachnospiraceae_unclassified|s__Eubacterium_rectale","StatusTS",-0.901421421514039,0.759503677139168,-763.039282458617,0.883947629234198,66
"80","k__Bacteria|p__Firmicutes|c__Clostridia|o__Clostridiales|f__Lachnospiraceae|g__Lachnospira|s__Lachnospira_pectinoschiza","StatusTS",0.30307848361211,0.998379069771905,2.55650478894617,0.960956486926275,27
"81","k__Bacteria|p__Firmicutes|c__Clostridia|o__Clostridiales|f__Lachnospiraceae|g__Roseburia|s__Roseburia_faecis","StatusTS",-0.580884616601979,0.998379069771905,-344.27055112869,0.797859552202313,60
"82","k__Bacteria|p__Firmicutes|c__Clostridia|o__Clostridiales|f__Lachnospiraceae|g__Roseburia|s__Roseburia_hominis","StatusTS",-0.384695935683327,0.998379069771905,-201.32135152221,0.703756240780502,59
"83","k__Bacteria|p__Firmicutes|c__Clostridia|o__Clostridiales|f__Lachnospiraceae|g__Roseburia|s__Roseburia_intestinalis","StatusTS",0.914366415948111,0.998379069771905,248.650099717386,0.855572183311255,43
"84","k__Bacteria|p__Firmicutes|c__Clostridia|o__Clostridiales|f__Lachnospiraceae|g__Roseburia|s__Roseburia_inulinivorans","StatusTS",0.252007583786627,0.998379069771905,30.4419117840196,0.948664623979939,52
"85","k__Bacteria|p__Firmicutes|c__Clostridia|o__Clostridiales|f__Lachnospiraceae|g__Roseburia|s__Roseburia_sp_CAG_182","StatusTS",-0.367841361783585,0.998379069771905,32.643625869388,0.915358240448981,18
"86","k__Bacteria|p__Firmicutes|c__Clostridia|o__Clostridiales|f__Lachnospiraceae|g__Roseburia|s__Roseburia_sp_CAG_471","StatusTS",-0.394315697454287,NA,-14.9685459567912,0.819704089235604,32
"87","k__Bacteria|p__Firmicutes|c__Clostridia|o__Clostridiales|f__Lachnospiraceae|g__Sellimonas|s__Sellimonas_intestinalis","StatusTS",1.95251782147439,0.998379069771905,37.1091929122946,0.786390644111488,23
"88","k__Bacteria|p__Firmicutes|c__Clostridia|o__Clostridiales|f__Lachnospiraceae|g__Tyzzerella|s__Tyzzerella_nexilis","StatusTS",2.23920811576517,0.998379069771905,2.41344858892771,0.826269540776522,10
"89","k__Bacteria|p__Firmicutes|c__Clostridia|o__Clostridiales|f__Oscillospiraceae|g__Oscillibacter|s__Oscillibacter_sp_57_20","StatusTS",-0.526722104178491,0.998379069771905,-8.37118689436827,0.826783246944457,45
"90","k__Bacteria|p__Firmicutes|c__Clostridia|o__Clostridiales|f__Oscillospiraceae|g__Oscillibacter|s__Oscillibacter_sp_CAG_241","StatusTS",-1.13191458047313,0.998379069771905,-14.0570231866781,0.726871348468687,28
"91","k__Bacteria|p__Firmicutes|c__Clostridia|o__Clostridiales|f__Peptostreptococcaceae|g__Intestinibacter|s__Intestinibacter_bartlettii","StatusTS",0.690859928988092,0.998379069771905,10.7993980775581,0.939895828107334,45
"92","k__Bacteria|p__Firmicutes|c__Clostridia|o__Clostridiales|f__Peptostreptococcaceae|g__Romboutsia|s__Romboutsia_ilealis","StatusTS",8.19961244793162,NA,-0.0536500198411181,0.960956486926275,13
"93","k__Bacteria|p__Firmicutes|c__Clostridia|o__Clostridiales|f__Ruminococcaceae|g__Agathobaculum|s__Agathobaculum_butyriciproducens","StatusTS",0.025478063927226,0.998379069771905,25.8322838079567,0.809117936112519,51
"94","k__Bacteria|p__Firmicutes|c__Clostridia|o__Clostridiales|f__Ruminococcaceae|g__Anaeromassilibacillus|s__Anaeromassilibacillus_sp_An250","StatusTS",-1.77746635994227,0.998379069771905,-1.59134480964035,0.916713825726035,16
"95","k__Bacteria|p__Firmicutes|c__Clostridia|o__Clostridiales|f__Ruminococcaceae|g__Anaerotruncus|s__Anaerotruncus_colihominis","StatusTS",1.6208516531364,0.998379069771905,8.73771516877,0.750457853876315,23
"96","k__Bacteria|p__Firmicutes|c__Clostridia|o__Clostridiales|f__Ruminococcaceae|g__Faecalibacterium|s__Faecalibacterium_prausnitzii","StatusTS",-0.263486160762267,0.998379069771905,-383.49896874854,0.826783246944457,66
"97","k__Bacteria|p__Firmicutes|c__Clostridia|o__Clostridiales|f__Ruminococcaceae|g__Flavonifractor|s__Flavonifractor_plautii","StatusTS",2.21350003399418,0.288886921720539,106.811470460897,0.16094382297225,46
"98","k__Bacteria|p__Firmicutes|c__Clostridia|o__Clostridiales|f__Ruminococcaceae|g__Gemmiger|s__Gemmiger_formicilis","StatusTS",-0.186480797188873,0.998379069771905,-7.68832334371561,0.923670069613833,58
"99","k__Bacteria|p__Firmicutes|c__Clostridia|o__Clostridiales|f__Ruminococcaceae|g__Ruminococcaceae_unclassified|s__Clostridium_leptum","StatusTS",-0.0942317870459584,0.998379069771905,-8.14852921611479,0.956024997844177,46
"100","k__Bacteria|p__Firmicutes|c__Clostridia|o__Clostridiales|f__Ruminococcaceae|g__Ruminococcaceae_unclassified|s__Eubacterium_siraeum","StatusTS",-1.01886490189456,0.998379069771905,-49.1099802245015,0.826269540776522,34
"101","k__Bacteria|p__Firmicutes|c__Clostridia|o__Clostridiales|f__Ruminococcaceae|g__Ruminococcus|s__Ruminococcus_bicirculans","StatusTS",-1.52818391750619,0.998379069771905,-150.596655294202,0.621036475048646,39
"102","k__Bacteria|p__Firmicutes|c__Clostridia|o__Clostridiales|f__Ruminococcaceae|g__Ruminococcus|s__Ruminococcus_bromii","StatusTS",0.0246567293637377,0.998379069771905,-218.622252689106,0.857808030199056,62
"103","k__Bacteria|p__Firmicutes|c__Clostridia|o__Clostridiales|f__Ruminococcaceae|g__Ruminococcus|s__Ruminococcus_callidus","StatusTS",-1.95485808668377,NA,-4.95630209260333,0.747280812984394,17
"104","k__Bacteria|p__Firmicutes|c__Clostridia|o__Clostridiales|f__Ruminococcaceae|g__Ruminococcus|s__Ruminococcus_lactaris","StatusTS",1.3014310439377,0.998379069771905,160.727402115198,0.826783246944457,41
"105","k__Bacteria|p__Firmicutes|c__Clostridia|o__Clostridiales|f__Ruminococcaceae|g__Ruthenibacterium|s__Ruthenibacterium_lactatiformans","StatusTS",0.869769342672016,0.765527027367857,66.6846253547221,0.834992112998047,61
"106","k__Bacteria|p__Firmicutes|c__Erysipelotrichia|o__Erysipelotrichales|f__Erysipelotrichaceae|g__Coprobacillus|s__Coprobacillus_cateniformis","StatusTS",-10.4973490699553,0.0153221783365758,-53.6782921359015,0.786390644111488,10
"107","k__Bacteria|p__Firmicutes|c__Erysipelotrichia|o__Erysipelotrichales|f__Erysipelotrichaceae|g__Erysipelatoclostridium|s__Clostridium_innocuum","StatusTS",0.878829042033249,0.998379069771905,3.41659653095599,0.960956486926275,24
"108","k__Bacteria|p__Firmicutes|c__Erysipelotrichia|o__Erysipelotrichales|f__Erysipelotrichaceae|g__Erysipelatoclostridium|s__Clostridium_spiroforme","StatusTS",2.06987223818625,0.862082569841738,10.7442565773391,0.390802877623901,28
"109","k__Bacteria|p__Firmicutes|c__Erysipelotrichia|o__Erysipelotrichales|f__Erysipelotrichaceae|g__Erysipelatoclostridium|s__Erysipelatoclostridium_ramosum","StatusTS",12.7727865044798,NA,11.681107315792,0.923670069613833,7
"110","k__Bacteria|p__Firmicutes|c__Erysipelotrichia|o__Erysipelotrichales|f__Erysipelotrichaceae|g__Holdemania|s__Holdemania_filiformis","StatusTS",0.695312018043842,0.998379069771905,7.93272370325192,0.679693265811241,19
"111","k__Bacteria|p__Firmicutes|c__Erysipelotrichia|o__Erysipelotrichales|f__Erysipelotrichaceae|g__Turicibacter|s__Turicibacter_sanguinis","StatusTS",-0.173924180736489,0.998379069771905,-1.80933412287728,0.960956486926275,23
"112","k__Bacteria|p__Firmicutes|c__Firmicutes_unclassified|o__Firmicutes_unclassified|f__Firmicutes_unclassified|g__Firmicutes_unclassified|s__Firmicutes_bacterium_CAG_110","StatusTS",-0.1549089991834,0.998379069771905,-15.4785771194999,0.883947629234198,21
"113","k__Bacteria|p__Firmicutes|c__Firmicutes_unclassified|o__Firmicutes_unclassified|f__Firmicutes_unclassified|g__Firmicutes_unclassified|s__Firmicutes_bacterium_CAG_145","StatusTS",1.31580426324153,0.998379069771905,11.7305119437768,0.786390644111488,17
"114","k__Bacteria|p__Firmicutes|c__Firmicutes_unclassified|o__Firmicutes_unclassified|f__Firmicutes_unclassified|g__Firmicutes_unclassified|s__Firmicutes_bacterium_CAG_83","StatusTS",-0.107651765602523,0.998379069771905,-25.4369477326147,0.797859552202313,49
"115","k__Bacteria|p__Firmicutes|c__Negativicutes|o__Acidaminococcales|f__Acidaminococcaceae|g__Phascolarctobacterium|s__Phascolarctobacterium_faecium","StatusTS",0.650336213643145,0.998379069771905,5.36311504482358,0.890703104351619,19
"116","k__Bacteria|p__Firmicutes|c__Negativicutes|o__Veillonellales|f__Veillonellaceae|g__Dialister|s__Dialister_invisus","StatusTS",-0.686967359664037,0.998379069771905,-18.4160367730321,0.879935050964449,49
"117","k__Bacteria|p__Proteobacteria|c__Betaproteobacteria|o__Burkholderiales|f__Sutterellaceae|g__Parasutterella|s__Parasutterella_excrementihominis","StatusTS",-0.0636376295088422,0.998379069771905,-5.39896986173243,0.915358240448981,28
"118","k__Bacteria|p__Proteobacteria|c__Deltaproteobacteria|o__Desulfovibrionales|f__Desulfovibrionaceae|g__Bilophila|s__Bilophila_wadsworthia","StatusTS",1.45977168871983,0.998379069771905,2.93997063085024,0.77565995041629,22
"119","k__Bacteria|p__Proteobacteria|c__Deltaproteobacteria|o__Desulfovibrionales|f__Desulfovibrionaceae|g__Desulfovibrio|s__Desulfovibrio_piger","StatusTS",25.215627853821,3.54076822600917e-14,-4.83216415667281,0.890703104351619,8
"120","k__Bacteria|p__Proteobacteria|c__Gammaproteobacteria|o__Enterobacterales|f__Enterobacteriaceae|g__Escherichia|s__Escherichia_coli","StatusTS",0.776624709948868,0.998379069771905,12.4159182569102,0.923670069613833,21
"121","k__Bacteria|p__Proteobacteria|c__Gammaproteobacteria|o__Pasteurellales|f__Pasteurellaceae|g__Haemophilus|s__Haemophilus_parainfluenzae","StatusTS",0,NA,0.0910226826556541,0.960956486926275,7
"122","k__Bacteria|p__Proteobacteria|c__Proteobacteria_unclassified|o__Proteobacteria_unclassified|f__Proteobacteria_unclassified|g__Proteobacteria_unclassified|s__Proteobacteria_bacterium_CAG_139","StatusTS",0.75138540801682,0.998379069771905,-35.4850697160397,0.786390644111488,20
"123","k__Bacteria|p__Verrucomicrobia|c__Verrucomicrobiae|o__Verrucomicrobiales|f__Akkermansiaceae|g__Akkermansia|s__Akkermansia_muciniphila","StatusTS",-1.225612883961,0.998379069771905,-177.125459879611,0.679693265811241,36
"124","k__Archaea|p__Euryarchaeota|c__Methanobacteria|o__Methanobacteriales|f__Methanobacteriaceae|g__Methanobrevibacter|s__Methanobrevibacter_smithii","SexF",21.0534263541743,0.022290668892298,37.3891878729735,0.915358240448981,7
"125","k__Bacteria|p__Actinobacteria|c__Actinobacteria|o__Bifidobacteriales|f__Bifidobacteriaceae|g__Bifidobacterium|s__Bifidobacterium_adolescentis","SexF",-1.9055530438585,0.550044962182416,-13627.8038305435,0.0016377227595969,66
"126","k__Bacteria|p__Actinobacteria|c__Actinobacteria|o__Bifidobacteriales|f__Bifidobacteriaceae|g__Bifidobacterium|s__Bifidobacterium_animalis","SexF",-14.9738828448208,NA,-106.701024321892,0.882817600112985,12
"127","k__Bacteria|p__Actinobacteria|c__Actinobacteria|o__Bifidobacteriales|f__Bifidobacteriaceae|g__Bifidobacterium|s__Bifidobacterium_bifidum","SexF",1.82013511858814,0.973580958225409,95.6850543237951,0.960956486926275,31
"128","k__Bacteria|p__Actinobacteria|c__Actinobacteria|o__Bifidobacteriales|f__Bifidobacteriaceae|g__Bifidobacterium|s__Bifidobacterium_catenulatum","SexF",-8.32777887219247,NA,-9011.08268482277,0.000355770364117182,17
"129","k__Bacteria|p__Actinobacteria|c__Actinobacteria|o__Bifidobacteriales|f__Bifidobacteriaceae|g__Bifidobacterium|s__Bifidobacterium_longum","SexF",-3.07654424638287,0.0439994166468945,-18001.8660350572,0.000572457441618011,66
"130","k__Bacteria|p__Actinobacteria|c__Actinobacteria|o__Bifidobacteriales|f__Bifidobacteriaceae|g__Bifidobacterium|s__Bifidobacterium_pseudocatenulatum","SexF",-1.24386920411966,0.973580958225409,-619.726073564,0.695330283735466,48
"131","k__Bacteria|p__Actinobacteria|c__Coriobacteriia|o__Coriobacteriales|f__Coriobacteriaceae|g__Collinsella|s__Collinsella_aerofaciens","SexF",-2.29089665293985,0.595981897418564,-4588.89628095307,0.00172196953255819,60
"132","k__Bacteria|p__Actinobacteria|c__Coriobacteriia|o__Coriobacteriales|f__Coriobacteriaceae|g__Collinsella|s__Collinsella_stercoris","SexF",-2.83517650042913,NA,-8.24877200219963,0.857808030199056,26
"133","k__Bacteria|p__Actinobacteria|c__Coriobacteriia|o__Eggerthellales|f__Eggerthellaceae|g__Adlercreutzia|s__Adlercreutzia_equolifaciens","SexF",1.68892178198109,0.612163277747207,32.4392973740478,0.883947629234198,58
"134","k__Bacteria|p__Actinobacteria|c__Coriobacteriia|o__Eggerthellales|f__Eggerthellaceae|g__Asaccharobacter|s__Asaccharobacter_celatus","SexF",2.61800112999341,0.23500138675677,74.7570117253686,0.797859552202313,59
"135","k__Bacteria|p__Actinobacteria|c__Coriobacteriia|o__Eggerthellales|f__Eggerthellaceae|g__Eggerthella|s__Eggerthella_lenta","SexF",-0.0177234737578391,0.99953461720537,-63.7533844720085,0.932715840573666,51
"136","k__Bacteria|p__Actinobacteria|c__Coriobacteriia|o__Eggerthellales|f__Eggerthellaceae|g__Gordonibacter|s__Gordonibacter_pamelaeae","SexF",0.341010961864157,0.99953461720537,-36.053632210271,0.890703104351619,58
"137","k__Bacteria|p__Bacteroidetes|c__Bacteroidia|o__Bacteroidales|f__Bacteroidaceae|g__Bacteroides|s__Bacteroides_caccae","SexF",2.31334681443948,0.731534064489704,153.814015360751,0.923670069613833,45
"138","k__Bacteria|p__Bacteroidetes|c__Bacteroidia|o__Bacteroidales|f__Bacteroidaceae|g__Bacteroides|s__Bacteroides_cellulosilyticus","SexF",28.4926734687964,5.66539557596667e-07,84.1015382944547,0.890703104351619,20
"139","k__Bacteria|p__Bacteroidetes|c__Bacteroidia|o__Bacteroidales|f__Bacteroidaceae|g__Bacteroides|s__Bacteroides_dorei","SexF",8.45626705946604,0.0896946147843776,505.429266949513,0.834992112998047,33
"140","k__Bacteria|p__Bacteroidetes|c__Bacteroidia|o__Bacteroidales|f__Bacteroidaceae|g__Bacteroides|s__Bacteroides_eggerthii","SexF",26.6179021146394,0.00207789455327512,224.605980246964,0.890703104351619,8
"141","k__Bacteria|p__Bacteroidetes|c__Bacteroidia|o__Bacteroidales|f__Bacteroidaceae|g__Bacteroides|s__Bacteroides_faecis","SexF",27.1306572992607,0.000221090580419753,-6.07366073458629,0.997992743698782,14
"142","k__Bacteria|p__Bacteroidetes|c__Bacteroidia|o__Bacteroidales|f__Bacteroidaceae|g__Bacteroides|s__Bacteroides_fragilis","SexF",4.43847186313622,0.244658337578673,838.922076608128,0.890703104351619,47
"143","k__Bacteria|p__Bacteroidetes|c__Bacteroidia|o__Bacteroidales|f__Bacteroidaceae|g__Bacteroides|s__Bacteroides_intestinalis","SexF",24.9711306834148,0.00453907965242916,123.414238732019,0.879935050964449,8
"144","k__Bacteria|p__Bacteroidetes|c__Bacteroidia|o__Bacteroidales|f__Bacteroidaceae|g__Bacteroides|s__Bacteroides_massiliensis","SexF",24.0599232756379,0.00667316426666312,9.76463170600524,0.948664623979939,9
"145","k__Bacteria|p__Bacteroidetes|c__Bacteroidia|o__Bacteroidales|f__Bacteroidaceae|g__Bacteroides|s__Bacteroides_ovatus","SexF",2.94704463834086,0.344483478666708,256.836125929636,0.948664623979939,58
"146","k__Bacteria|p__Bacteroidetes|c__Bacteroidia|o__Bacteroidales|f__Bacteroidaceae|g__Bacteroides|s__Bacteroides_stercoris","SexF",0.051138422635712,NA,2.37677469614016,0.997992743698782,20
"147","k__Bacteria|p__Bacteroidetes|c__Bacteroidia|o__Bacteroidales|f__Bacteroidaceae|g__Bacteroides|s__Bacteroides_thetaiotaomicron","SexF",0.159420144498152,0.99953461720537,-168.373323486422,0.747280812984394,30
"148","k__Bacteria|p__Bacteroidetes|c__Bacteroidia|o__Bacteroidales|f__Bacteroidaceae|g__Bacteroides|s__Bacteroides_uniformis","SexF",2.46155181139845,0.0742111392012689,966.001600578512,0.826783246944457,66
"149","k__Bacteria|p__Bacteroidetes|c__Bacteroidia|o__Bacteroidales|f__Bacteroidaceae|g__Bacteroides|s__Bacteroides_vulgatus","SexF",0.835076314075851,0.902187636768525,-928.911398309985,0.834992112998047,65
"150","k__Bacteria|p__Bacteroidetes|c__Bacteroidia|o__Bacteroidales|f__Bacteroidaceae|g__Bacteroides|s__Bacteroides_xylanisolvens","SexF",-2.70721401078886,0.731534064489704,-575.875598326428,0.826783246944457,39
"151","k__Bacteria|p__Bacteroidetes|c__Bacteroidia|o__Bacteroidales|f__Barnesiellaceae|g__Barnesiella|s__Barnesiella_intestinihominis","SexF",7.39046774516263,0.238157819827366,308.586939608629,0.746570817693902,28
"152","k__Bacteria|p__Bacteroidetes|c__Bacteroidia|o__Bacteroidales|f__Barnesiellaceae|g__Coprobacter|s__Coprobacter_sp","SexF",25.4320785904758,2.17759863194927e-05,22.2896369277844,0.826783246944457,17
"153","k__Bacteria|p__Bacteroidetes|c__Bacteroidia|o__Bacteroidales|f__Odoribacteraceae|g__Odoribacter|s__Odoribacter_splanchnicus","SexF",3.56972226197212,0.60429033303645,90.6237289523507,0.826783246944457,38
"154","k__Bacteria|p__Bacteroidetes|c__Bacteroidia|o__Bacteroidales|f__Prevotellaceae|g__Prevotella|s__Prevotella_copri","SexF",-30,NA,214.970824047857,0.887852990130662,9
"155","k__Bacteria|p__Bacteroidetes|c__Bacteroidia|o__Bacteroidales|f__Rikenellaceae|g__Alistipes|s__Alistipes_finegoldii","SexF",1.3351359978303,0.902187636768525,31.4594424502547,0.960956486926275,49
"156","k__Bacteria|p__Bacteroidetes|c__Bacteroidia|o__Bacteroidales|f__Rikenellaceae|g__Alistipes|s__Alistipes_indistinctus","SexF",0.27143417947565,NA,17.9477842999163,0.915358240448981,12
"157","k__Bacteria|p__Bacteroidetes|c__Bacteroidia|o__Bacteroidales|f__Rikenellaceae|g__Alistipes|s__Alistipes_putredinis","SexF",3.24780819508691,0.204837129366253,620.82578130252,0.746570817693902,60
"158","k__Bacteria|p__Bacteroidetes|c__Bacteroidia|o__Bacteroidales|f__Rikenellaceae|g__Alistipes|s__Alistipes_shahii","SexF",5.68906196152668,0.222518787124539,89.1324786395176,0.703756240780502,37
"159","k__Bacteria|p__Bacteroidetes|c__Bacteroidia|o__Bacteroidales|f__Tannerellaceae|g__Parabacteroides|s__Parabacteroides_distasonis","SexF",2.24300759127897,0.646221504805592,29.8283922587627,0.960956486926275,50
"160","k__Bacteria|p__Bacteroidetes|c__Bacteroidia|o__Bacteroidales|f__Tannerellaceae|g__Parabacteroides|s__Parabacteroides_goldsteinii","SexF",-0.132210499448261,NA,247.801725266745,0.890703104351619,8
"161","k__Bacteria|p__Bacteroidetes|c__Bacteroidia|o__Bacteroidales|f__Tannerellaceae|g__Parabacteroides|s__Parabacteroides_merdae","SexF",-0.225614865324901,0.99953461720537,-243.314641093203,0.758196547313057,42
"162","k__Bacteria|p__Firmicutes|c__Bacilli|o__Lactobacillales|f__Lactobacillaceae|g__Lactobacillus|s__Lactobacillus_rogosae","SexF",1.01758765414127,0.99953461720537,0.306661311117743,0.960956486926275,11
"163","k__Bacteria|p__Firmicutes|c__Bacilli|o__Lactobacillales|f__Streptococcaceae|g__Streptococcus|s__Streptococcus_parasanguinis","SexF",-1.57140695164171,0.982563885939453,-8.90434051881713,0.301600029222941,21
"164","k__Bacteria|p__Firmicutes|c__Bacilli|o__Lactobacillales|f__Streptococcaceae|g__Streptococcus|s__Streptococcus_salivarius","SexF",0.905025783847572,0.982563885939453,-1.23478424218529,0.997992743698782,48
"165","k__Bacteria|p__Firmicutes|c__Bacilli|o__Lactobacillales|f__Streptococcaceae|g__Streptococcus|s__Streptococcus_thermophilus","SexF",-1.77743563356517,0.982563885939453,23.080865261778,0.960956486926275,24
"166","k__Bacteria|p__Firmicutes|c__Clostridia|o__Clostridiales|f__Catabacteriaceae|g__Catabacter|s__Catabacter_hongkongensis","SexF",-27.9708764432113,NA,-5.56211489030402,0.00358227643178489,7
"167","k__Bacteria|p__Firmicutes|c__Clostridia|o__Clostridiales|f__Christensenellaceae|g__Christensenella|s__Christensenella_minuta","SexF",-2.6230016751402,0.982563885939453,4.67999757731551,0.923670069613833,10
"168","k__Bacteria|p__Firmicutes|c__Clostridia|o__Clostridiales|f__Clostridiaceae|g__Clostridium|s__Clostridium_disporicum","SexF",-1.98325245045871,NA,-44.9026506037615,0.826783246944457,18
"169","k__Bacteria|p__Firmicutes|c__Clostridia|o__Clostridiales|f__Clostridiaceae|g__Clostridium|s__Clostridium_sp_CAG_167","SexF",25.3328661030882,9.01261112011455e-05,8.91280015641058,0.882817600112985,15
"170","k__Bacteria|p__Firmicutes|c__Clostridia|o__Clostridiales|f__Clostridiaceae|g__Clostridium|s__Clostridium_sp_CAG_299","SexF",-17.49999463251,0.0811743180208561,0.140474657969881,0.997992743698782,7
"171","k__Bacteria|p__Firmicutes|c__Clostridia|o__Clostridiales|f__Clostridiaceae|g__Clostridium|s__Clostridium_sp_CAG_58","SexF",-2.95193719980458,0.612163277747207,-114.384999414972,0.00895005577247242,40
"172","k__Bacteria|p__Firmicutes|c__Clostridia|o__Clostridiales|f__Clostridiaceae|g__Hungatella|s__Hungatella_hathewayi","SexF",-1.76456358116368,NA,86.9270737203675,0.948664623979939,20
"173","k__Bacteria|p__Firmicutes|c__Clostridia|o__Clostridiales|f__Clostridiales_unclassified|g__Intestinimonas|s__Intestinimonas_butyriciproducens","SexF",-0.573721987291151,0.99953461720537,-0.289337197980016,0.997992743698782,11
"174","k__Bacteria|p__Firmicutes|c__Clostridia|o__Clostridiales|f__Clostridiales_unclassified|g__Lawsonibacter|s__Lawsonibacter_asaccharolyticus","SexF",-6.21244436836123,0.696800308894573,-13.1989997670531,0.0157986534271579,13
"175","k__Bacteria|p__Firmicutes|c__Clostridia|o__Clostridiales|f__Clostridiales_unclassified|g__Monoglobus|s__Monoglobus_pectinilyticus","SexF",0.387185126030342,0.99953461720537,164.450136463629,0.960956486926275,41
"176","k__Bacteria|p__Firmicutes|c__Clostridia|o__Clostridiales|f__Eubacteriaceae|g__Eubacterium|s__Eubacterium_eligens","SexF",2.76880486345126,0.735454591299685,16.4711741755845,0.923670069613833,34
"177","k__Bacteria|p__Firmicutes|c__Clostridia|o__Clostridiales|f__Eubacteriaceae|g__Eubacterium|s__Eubacterium_hallii","SexF",1.38860987650755,0.211252333303979,435.927754738501,0.882718057011564,66
"178","k__Bacteria|p__Firmicutes|c__Clostridia|o__Clostridiales|f__Eubacteriaceae|g__Eubacterium|s__Eubacterium_ramulus","SexF",-0.778029363021247,0.995875553737858,-74.3873951042042,0.797859552202313,45
"179","k__Bacteria|p__Firmicutes|c__Clostridia|o__Clostridiales|f__Eubacteriaceae|g__Eubacterium|s__Eubacterium_sp_CAG_180","SexF",26.9677873174167,0.000226173006415288,37.2115789048198,0.915358240448981,14
"180","k__Bacteria|p__Firmicutes|c__Clostridia|o__Clostridiales|f__Eubacteriaceae|g__Eubacterium|s__Eubacterium_sp_CAG_251","SexF",-4.05931226112193,NA,-134.854599661179,0.00330751861712797,7
"181","k__Bacteria|p__Firmicutes|c__Clostridia|o__Clostridiales|f__Eubacteriaceae|g__Eubacterium|s__Eubacterium_sp_CAG_274","SexF",0.558097774380322,0.99953461720537,-6.25333787274023,0.960956486926275,17
"182","k__Bacteria|p__Firmicutes|c__Clostridia|o__Clostridiales|f__Eubacteriaceae|g__Eubacterium|s__Eubacterium_sp_CAG_38","SexF",26.5725792095549,1.52041987478657e-08,18.0715390394964,0.608691941350834,22
"183","k__Bacteria|p__Firmicutes|c__Clostridia|o__Clostridiales|f__Eubacteriaceae|g__Eubacterium|s__Eubacterium_ventriosum","SexF",2.55039529122754,0.807570916127803,53.57803240781,0.883947629234198,32
"184","k__Bacteria|p__Firmicutes|c__Clostridia|o__Clostridiales|f__Lachnospiraceae|g__Anaerostipes|s__Anaerostipes_hadrus","SexF",0.312617315747541,0.982563885939453,-1892.17163392396,0.833309932032179,66
"185","k__Bacteria|p__Firmicutes|c__Clostridia|o__Clostridiales|f__Lachnospiraceae|g__Blautia|s__Blautia_hydrogenotrophica","SexF",-6.89655560949559,0.444553195272015,-470.42703495702,0.00330751861712797,20
"186","k__Bacteria|p__Firmicutes|c__Clostridia|o__Clostridiales|f__Lachnospiraceae|g__Blautia|s__Blautia_obeum","SexF",-0.993727441961949,0.746791301418336,-1984.76579532472,0.196172978703964,65
"187","k__Bacteria|p__Firmicutes|c__Clostridia|o__Clostridiales|f__Lachnospiraceae|g__Blautia|s__Blautia_sp_CAG_257","SexF",-11.1801501092206,0.147471201983418,-758.789116896686,0.116065146360241,16
"188","k__Bacteria|p__Firmicutes|c__Clostridia|o__Clostridiales|f__Lachnospiraceae|g__Blautia|s__Blautia_wexlerae","SexF",1.25315320416441,0.612163277747207,-37.9642063741543,0.997992743698782,66
"189","k__Bacteria|p__Firmicutes|c__Clostridia|o__Clostridiales|f__Lachnospiraceae|g__Blautia|s__Ruminococcus_gnavus","SexF",-1.84709277352727,0.735916566120068,-666.948931363847,0.915358240448981,52
"190","k__Bacteria|p__Firmicutes|c__Clostridia|o__Clostridiales|f__Lachnospiraceae|g__Blautia|s__Ruminococcus_torques","SexF",0.140714436393418,0.99953461720537,-683.143100124682,0.879935050964449,65
"191","k__Bacteria|p__Firmicutes|c__Clostridia|o__Clostridiales|f__Lachnospiraceae|g__Coprococcus|s__Coprococcus_catus","SexF",0.113509242470505,0.99953461720537,-65.5104083142384,0.923670069613833,54
"192","k__Bacteria|p__Firmicutes|c__Clostridia|o__Clostridiales|f__Lachnospiraceae|g__Coprococcus|s__Coprococcus_comes","SexF",-0.382686644320891,0.982563885939453,-1379.20128775117,0.524162588939078,66
"193","k__Bacteria|p__Firmicutes|c__Clostridia|o__Clostridiales|f__Lachnospiraceae|g__Coprococcus|s__Coprococcus_eutactus","SexF",2.46624418226072,0.746791301418336,216.01081638043,0.915358240448981,43
"194","k__Bacteria|p__Firmicutes|c__Clostridia|o__Clostridiales|f__Lachnospiraceae|g__Dorea|s__Dorea_formicigenerans","SexF",-1.09054671643779,0.646221504805592,-1383.49327609284,0.000846447872669549,65
"195","k__Bacteria|p__Firmicutes|c__Clostridia|o__Clostridiales|f__Lachnospiraceae|g__Dorea|s__Dorea_longicatena","SexF",-2.2713614703083,0.0175694121224031,-7959.09599334168,4.43557718762683e-05,66
"196","k__Bacteria|p__Firmicutes|c__Clostridia|o__Clostridiales|f__Lachnospiraceae|g__Eisenbergiella|s__Eisenbergiella_massiliensis","SexF",-30,NA,-253.858508288247,0.761484075558198,9
"197","k__Bacteria|p__Firmicutes|c__Clostridia|o__Clostridiales|f__Lachnospiraceae|g__Eisenbergiella|s__Eisenbergiella_tayi","SexF",-0.430362936142756,0.99953461720537,-43.1145697050166,0.703756240780502,23
"198","k__Bacteria|p__Firmicutes|c__Clostridia|o__Clostridiales|f__Lachnospiraceae|g__Fusicatenibacter|s__Fusicatenibacter_saccharivorans","SexF",-0.000554487916333324,0.99953461720537,-4614.26825372082,0.609923052665323,66
"199","k__Bacteria|p__Firmicutes|c__Clostridia|o__Clostridiales|f__Lachnospiraceae|g__Lachnoclostridium|s__Clostridium_bolteae","SexF",-1.63017632751855,0.99953461720537,-5.06269511421874,0.960956486926275,12
"200","k__Bacteria|p__Firmicutes|c__Clostridia|o__Clostridiales|f__Lachnospiraceae|g__Lachnoclostridium|s__Clostridium_scindens","SexF",-8.25537648419221,NA,-2.39982652881521,0.960956486926275,10
"201","k__Bacteria|p__Firmicutes|c__Clostridia|o__Clostridiales|f__Lachnospiraceae|g__Lachnoclostridium|s__Clostridium_symbiosum","SexF",-0.810483217752463,0.99953461720537,-29.1289182800042,0.703756240780502,17
"202","k__Bacteria|p__Firmicutes|c__Clostridia|o__Clostridiales|f__Lachnospiraceae|g__Lachnospiraceae_unclassified|s__Eubacterium_rectale","SexF",-1.47587142003253,0.612163277747207,-11311.1470890793,0.00330751861712797,66
"203","k__Bacteria|p__Firmicutes|c__Clostridia|o__Clostridiales|f__Lachnospiraceae|g__Lachnospira|s__Lachnospira_pectinoschiza","SexF",0.843207809026185,0.99953461720537,3.33044519440941,0.971804873890942,27
"204","k__Bacteria|p__Firmicutes|c__Clostridia|o__Clostridiales|f__Lachnospiraceae|g__Roseburia|s__Roseburia_faecis","SexF",0.0450280325427271,0.99953461720537,-851.080443420716,0.786390644111488,60
"205","k__Bacteria|p__Firmicutes|c__Clostridia|o__Clostridiales|f__Lachnospiraceae|g__Roseburia|s__Roseburia_hominis","SexF",1.76084867848134,0.612163277747207,291.521623489236,0.834992112998047,59
"206","k__Bacteria|p__Firmicutes|c__Clostridia|o__Clostridiales|f__Lachnospiraceae|g__Roseburia|s__Roseburia_intestinalis","SexF",-1.71055118737673,0.902187636768525,-1898.51246510749,0.107513997808933,43
"207","k__Bacteria|p__Firmicutes|c__Clostridia|o__Clostridiales|f__Lachnospiraceae|g__Roseburia|s__Roseburia_inulinivorans","SexF",-0.517173333244955,0.99953461720537,-616.974159351273,0.124400934720831,52
"208","k__Bacteria|p__Firmicutes|c__Clostridia|o__Clostridiales|f__Lachnospiraceae|g__Roseburia|s__Roseburia_sp_CAG_182","SexF",24.2776005190536,4.00366772394197e-05,24.9208304689097,0.960956486926275,18
"209","k__Bacteria|p__Firmicutes|c__Clostridia|o__Clostridiales|f__Lachnospiraceae|g__Roseburia|s__Roseburia_sp_CAG_471","SexF",-1.93827309106684,NA,6.75799759263305,0.960956486926275,32
"210","k__Bacteria|p__Firmicutes|c__Clostridia|o__Clostridiales|f__Lachnospiraceae|g__Sellimonas|s__Sellimonas_intestinalis","SexF",-1.66021888393486,0.982563885939453,-38.9577208141278,0.915358240448981,23
"211","k__Bacteria|p__Firmicutes|c__Clostridia|o__Clostridiales|f__Lachnospiraceae|g__Tyzzerella|s__Tyzzerella_nexilis","SexF",-3.24673033228977,0.973580958225409,-23.2661513223829,0.00330751861712797,10
"212","k__Bacteria|p__Firmicutes|c__Clostridia|o__Clostridiales|f__Oscillospiraceae|g__Oscillibacter|s__Oscillibacter_sp_57_20","SexF",27.7497039962687,2.01792758816823e-28,38.3801108723542,0.505129910121507,45
"213","k__Bacteria|p__Firmicutes|c__Clostridia|o__Clostridiales|f__Oscillospiraceae|g__Oscillibacter|s__Oscillibacter_sp_CAG_241","SexF",-0.0588453010330643,0.99953461720537,-29.5119640563702,0.75952734405348,28
"214","k__Bacteria|p__Firmicutes|c__Clostridia|o__Clostridiales|f__Peptostreptococcaceae|g__Intestinibacter|s__Intestinibacter_bartlettii","SexF",0.690321842940836,0.99953461720537,-33.4669406401549,0.916713825726035,45
"215","k__Bacteria|p__Firmicutes|c__Clostridia|o__Clostridiales|f__Peptostreptococcaceae|g__Romboutsia|s__Romboutsia_ilealis","SexF",0.136278656062656,NA,0.11655587337815,0.960956486926275,13
"216","k__Bacteria|p__Firmicutes|c__Clostridia|o__Clostridiales|f__Ruminococcaceae|g__Agathobaculum|s__Agathobaculum_butyriciproducens","SexF",0.939000473768448,0.973580958225409,-37.5196031803243,0.883947629234198,51
"217","k__Bacteria|p__Firmicutes|c__Clostridia|o__Clostridiales|f__Ruminococcaceae|g__Anaeromassilibacillus|s__Anaeromassilibacillus_sp_An250","SexF",6.30237176030243,0.60429033303645,5.82964513486361,0.879935050964449,16
"218","k__Bacteria|p__Firmicutes|c__Clostridia|o__Clostridiales|f__Ruminococcaceae|g__Anaerotruncus|s__Anaerotruncus_colihominis","SexF",-0.363915696057539,0.99953461720537,-4.8178087694204,0.948664623979939,23
"219","k__Bacteria|p__Firmicutes|c__Clostridia|o__Clostridiales|f__Ruminococcaceae|g__Faecalibacterium|s__Faecalibacterium_prausnitzii","SexF",0.102804825742714,0.99953461720537,-1870.08100518448,0.38131452135451,66
"220","k__Bacteria|p__Firmicutes|c__Clostridia|o__Clostridiales|f__Ruminococcaceae|g__Flavonifractor|s__Flavonifractor_plautii","SexF",-1.71411358417474,0.798934015440576,-124.088061888669,0.75952734405348,46
"221","k__Bacteria|p__Firmicutes|c__Clostridia|o__Clostridiales|f__Ruminococcaceae|g__Gemmiger|s__Gemmiger_formicilis","SexF",-0.935642133849617,0.902187636768525,-112.109445646732,0.16094382297225,58
"222","k__Bacteria|p__Firmicutes|c__Clostridia|o__Clostridiales|f__Ruminococcaceae|g__Ruminococcaceae_unclassified|s__Clostridium_leptum","SexF",-2.53976324111479,0.612163277747207,-170.325391511121,0.16094382297225,46
"223","k__Bacteria|p__Firmicutes|c__Clostridia|o__Clostridiales|f__Ruminococcaceae|g__Ruminococcaceae_unclassified|s__Eubacterium_siraeum","SexF",4.54125765987956,0.473379402936381,128.724702272692,0.790178441068094,34
"224","k__Bacteria|p__Firmicutes|c__Clostridia|o__Clostridiales|f__Ruminococcaceae|g__Ruminococcus|s__Ruminococcus_bicirculans","SexF",-0.798738584848104,0.99953461720537,-501.144259576052,0.206979285516141,39
"225","k__Bacteria|p__Firmicutes|c__Clostridia|o__Clostridiales|f__Ruminococcaceae|g__Ruminococcus|s__Ruminococcus_bromii","SexF",-0.569288799097131,0.999048895312629,-1609.25062778151,0.136389009389131,62
"226","k__Bacteria|p__Firmicutes|c__Clostridia|o__Clostridiales|f__Ruminococcaceae|g__Ruminococcus|s__Ruminococcus_callidus","SexF",-1.04544853346658,NA,-22.9727535154552,0.124400934720831,17
"227","k__Bacteria|p__Firmicutes|c__Clostridia|o__Clostridiales|f__Ruminococcaceae|g__Ruminococcus|s__Ruminococcus_lactaris","SexF",6.30958525492865,0.145148286427968,288.331160628898,0.882802000754737,41
"228","k__Bacteria|p__Firmicutes|c__Clostridia|o__Clostridiales|f__Ruminococcaceae|g__Ruthenibacterium|s__Ruthenibacterium_lactatiformans","SexF",-2.16878042179759,0.328488511975719,-644.219922445135,0.0116303379498071,61
"229","k__Bacteria|p__Firmicutes|c__Erysipelotrichia|o__Erysipelotrichales|f__Erysipelotrichaceae|g__Coprobacillus|s__Coprobacillus_cateniformis","SexF",30,0.000337223847354061,85.597476738948,0.857808030199056,10
"230","k__Bacteria|p__Firmicutes|c__Erysipelotrichia|o__Erysipelotrichales|f__Erysipelotrichaceae|g__Erysipelatoclostridium|s__Clostridium_innocuum","SexF",-4.02424664217866,0.661945470779537,-181.229893085281,0.000355770364117182,24
"231","k__Bacteria|p__Firmicutes|c__Erysipelotrichia|o__Erysipelotrichales|f__Erysipelotrichaceae|g__Erysipelatoclostridium|s__Clostridium_spiroforme","SexF",-3.86900586765072,0.612163277747207,-55.4037956184058,0.00193331810695435,28
"232","k__Bacteria|p__Firmicutes|c__Erysipelotrichia|o__Erysipelotrichales|f__Erysipelotrichaceae|g__Erysipelatoclostridium|s__Erysipelatoclostridium_ramosum","SexF",-30,NA,-330.232819210751,0.000517154031228426,7
"233","k__Bacteria|p__Firmicutes|c__Erysipelotrichia|o__Erysipelotrichales|f__Erysipelotrichaceae|g__Holdemania|s__Holdemania_filiformis","SexF",23.156871576035,7.48496902902221e-06,3.67139719526057,0.948664623979939,19
"234","k__Bacteria|p__Firmicutes|c__Erysipelotrichia|o__Erysipelotrichales|f__Erysipelotrichaceae|g__Turicibacter|s__Turicibacter_sanguinis","SexF",0.173584825182995,0.99953461720537,7.64327998358266,0.933199236243913,23
"235","k__Bacteria|p__Firmicutes|c__Firmicutes_unclassified|o__Firmicutes_unclassified|f__Firmicutes_unclassified|g__Firmicutes_unclassified|s__Firmicutes_bacterium_CAG_110","SexF",27.7919841743616,2.6725503175877e-07,43.9238790829704,0.857808030199056,21
"236","k__Bacteria|p__Firmicutes|c__Firmicutes_unclassified|o__Firmicutes_unclassified|f__Firmicutes_unclassified|g__Firmicutes_unclassified|s__Firmicutes_bacterium_CAG_145","SexF",-1.52849007215578,0.99953461720537,-33.0803295199617,0.722230479357746,17
"237","k__Bacteria|p__Firmicutes|c__Firmicutes_unclassified|o__Firmicutes_unclassified|f__Firmicutes_unclassified|g__Firmicutes_unclassified|s__Firmicutes_bacterium_CAG_83","SexF",2.13128266362751,0.661945470779537,37.1635147679291,0.882817600112985,49
"238","k__Bacteria|p__Firmicutes|c__Negativicutes|o__Acidaminococcales|f__Acidaminococcaceae|g__Phascolarctobacterium|s__Phascolarctobacterium_faecium","SexF",0.708224754362397,0.99953461720537,2.4837476840908,0.960956486926275,19
"239","k__Bacteria|p__Firmicutes|c__Negativicutes|o__Veillonellales|f__Veillonellaceae|g__Dialister|s__Dialister_invisus","SexF",1.20187179549299,0.902187636768525,24.4291561814615,0.923670069613833,49
"240","k__Bacteria|p__Proteobacteria|c__Betaproteobacteria|o__Burkholderiales|f__Sutterellaceae|g__Parasutterella|s__Parasutterella_excrementihominis","SexF",27.2021616020228,4.64368646877168e-11,23.3865867078158,0.826783246944457,28
"241","k__Bacteria|p__Proteobacteria|c__Deltaproteobacteria|o__Desulfovibrionales|f__Desulfovibrionaceae|g__Bilophila|s__Bilophila_wadsworthia","SexF",4.33653143119485,0.646221504805592,4.80686481056957,0.842507945237825,22
"242","k__Bacteria|p__Proteobacteria|c__Deltaproteobacteria|o__Desulfovibrionales|f__Desulfovibrionaceae|g__Desulfovibrio|s__Desulfovibrio_piger","SexF",-4.5201857357552,0.902187636768525,7.63928203675658,0.923670069613833,8
"243","k__Bacteria|p__Proteobacteria|c__Gammaproteobacteria|o__Enterobacterales|f__Enterobacteriaceae|g__Escherichia|s__Escherichia_coli","SexF",0.28505460928682,0.99953461720537,-47.4747047810702,0.883947629234198,21
"244","k__Bacteria|p__Proteobacteria|c__Gammaproteobacteria|o__Pasteurellales|f__Pasteurellaceae|g__Haemophilus|s__Haemophilus_parainfluenzae","SexF",0,NA,0.93770876006396,0.879935050964449,7
"245","k__Bacteria|p__Proteobacteria|c__Proteobacteria_unclassified|o__Proteobacteria_unclassified|f__Proteobacteria_unclassified|g__Proteobacteria_unclassified|s__Proteobacteria_bacterium_CAG_139","SexF",25.4605496543386,2.58396767342225e-06,49.3702453563779,0.882817600112985,20
"246","k__Bacteria|p__Verrucomicrobia|c__Verrucomicrobiae|o__Verrucomicrobiales|f__Akkermansiaceae|g__Akkermansia|s__Akkermansia_muciniphila","SexF",9.33110330219758,0.022290668892298,290.515355979496,0.797859552202313,36
